<?xml version="1.0" encoding="UTF-8"?>
<site>
   <feature url="features/org.mybatis.generator_1.3.1.qualifier.jar" id="org.mybatis.generator" version="1.3.1.qualifier">
      <category name="org.mybatis.generator"/>
   </feature>
   <feature url="features/org.mybatis.generator.source_1.3.1.qualifier.jar" id="org.mybatis.generator.source" version="1.3.1.qualifier">
      <category name="org.mybatis.generator"/>
   </feature>
   <feature url="features/org.mybatis.generator_1.3.2.qualifier.jar" id="org.mybatis.generator" version="1.3.2.qualifier">
      <category name="org.mybatis.generator"/>
   </feature>
   <feature url="features/org.mybatis.generator.source_1.3.2.qualifier.jar" id="org.mybatis.generator.source" version="1.3.2.qualifier">
      <category name="org.mybatis.generator"/>
   </feature>
   <category-def name="org.mybatis.generator" label="MyBatis Generator"/>
</site>
