<project name="org.mybatis.generator.publish" default="publish" basedir=".">
	
	<!--
	   IMPORTANT NOTE: the following properties may need to
	   be changed in your local build environment 
	 -->
	<property name="buildDirectory" value="/temp/mybatis.generator.build"/>
	<property name="update.site.svn" value="/MyBatis/generator/eclipse/UpdateSite"/>

	<target name="publish">
		<makeurl file="${basedir}/category.xml" property="category.xml.file"/>
		<makeurl file="${update.site.svn}" property="target.repo"/>
		
		<eclipse.publish.featuresAndBundles
			repository="${target.repo}"
			category="${category.xml.file}">
			<bundles dir="${buildDirectory}/buildRepo/plugins" includes="*.jar"/>
			<features dir="${buildDirectory}/buildRepo/features" includes="*.jar"/>
		</eclipse.publish.featuresAndBundles>
	</target>
</project>
