<?xml version="1.0" encoding="UTF-8"?>
<feature
      id="org.mybatis.generator"
      label="%featureName"
      version="1.3.3.qualifier"
      provider-name="%providerName">

   <description>
      %description
   </description>

   <copyright>
      %copyright
   </copyright>

   <license url="%licenseURL">
      %license
   </license>

   <url>
      <update label="%updateSiteName" url="http://mybatis.googlecode.com/svn/sub-projects/generator/trunk/eclipse/UpdateSite"/>
   </url>

   <includes
         id="org.mybatis.generator.source"
         version="0.0.0"/>

   <plugin
         id="org.mybatis.generator.core"
         download-size="0"
         install-size="0"
         version="0.0.0"
         unpack="false"/>

   <plugin
         id="org.mybatis.generator.eclipse.core"
         download-size="0"
         install-size="0"
         version="0.0.0"
         unpack="false"/>

   <plugin
         id="org.mybatis.generator.eclipse.doc"
         download-size="0"
         install-size="0"
         version="0.0.0"
         unpack="false"/>

   <plugin
         id="org.mybatis.generator.eclipse.ui"
         download-size="0"
         install-size="0"
         version="0.0.0"
         unpack="false"/>

</feature>
