<?xml version="1.0" encoding="UTF-8"?>
<?NLS TYPE="org.eclipse.help.toc"?>

<toc label="Eclipse User Interface Guide" link_to="toc.xml#eclipseui">
      <topic href="html/eclipseui/quickstart.html" label="Quickstart Guide">
      </topic>
      <topic href="html/eclipseui/eclipseui.html" label="Using the Eclipse User Interface">
      </topic>
      <topic href="html/eclipseui/usingAnt.html" label="Using the Ant Task">
      </topic>
      <topic href="html/eclipseui/releasenotes.html" label="Release Notes">
      </topic>
      <topic href="html/eclipseui/buildingFromSVN.html" label="Building from SVN">
      </topic>
      <topic href="html/eclipseui/manualTesting.html" label="Manual Test Scripts">
      </topic>
</toc>
